{
	"ADMINISTRATOR": "Administrateur",
	"VIEW_AUDIT_LOG": "Afficher le journal d'audit",
	"VIEW_GUILD_INSIGHTS": "Afficher les informations sur le serveur",
	"MANAGE_GUILD": "Gérer le serveur",
	"MANAGE_ROLES": "Gérer les rôles",
	"MANAGE_CHANNELS": "Gérer les salons",
	"KICK_MEMBERS": "Kick les members",
	"BAN_MEMBERS": "Bannir les members",
	"CREATE_INSTANT_INVITE": "Create Invite",
	"CHANGE_NICKNAME": "Changer de pseudo",
	"MANAGE_NICKNAMES": "Gérer les surnoms",
	"MANAGE_EMOJIS": "Gérer les émojis",
	"MANAGE_WEBHOOKS": "Gérer les Webhooks",
	"VIEW_CHANNEL": "Lire les salons de texte et voir les salons vocaux",
	"SEND_MESSAGES": "Envoyer des messages",
	"SEND_TTS_MESSAGES": "Envoyer des messages TTS",
	"MANAGE_MESSAGES": "Gérer les messages",
	"EMBED_LINKS": "Intégrer les liens",
	"ATTACH_FILES": "Joindre des fichiers",
	"READ_MESSAGE_HISTORY": "Lire l'historique des messages",
	"MENTION_EVERYONE": "Mentionner @everyone, @here, et tous les rôles",
	"USE_EXTERNAL_EMOJIS": "Utiliser des émojis externes",
	"ADD_REACTIONS": "Ajouter des réactions",
	"CONNECT": "Connecter",
	"SPEAK": "Parler",
	"STREAM": "Vidéo",
	"MUTE_MEMBERS": "Mute des members",
	"DEAFEN_MEMBERS": "Membres sourds",
	"MOVE_MEMBERS": "Déplacer les membres",
	"USE_VAD": "Utiliser l'activité vocale",
	"PRIORITY_SPEAKER": "Orateur prioritaire",
	"MANAGE_EMOJIS_AND_STICKERS": "Gerer les emojis et les stickers",
	"START_EMBEDDED_ACTIVITIES": "Commencer des activités"

}